CREATE DATABASE IF NOT EXISTS Indian_Census_Database /*!40100 DEFAULT CHARACTER SET utf8mb4 COLLATE utf8mb4_0900_ai_ci *//*!80016 DEFAULT ENCRYPTION='N' */;
USE Indian_Census_Database;

-- MySQL dump 10.13  Distrib 8.0.31, for Win64 (x86_64)
--
-- Host: localhost    Database: sqlportfolioproject01
-- ------------------------------------------------------
-- Server version	8.0.31

/*!40101 SET @OLD_CHARACTER_SET_CLIENT=@@CHARACTER_SET_CLIENT */;
/*!40101 SET @OLD_CHARACTER_SET_RESULTS=@@CHARACTER_SET_RESULTS */;
/*!40101 SET @OLD_COLLATION_CONNECTION=@@COLLATION_CONNECTION */;
/*!50503 SET NAMES utf8 */;
/*!40103 SET @OLD_TIME_ZONE=@@TIME_ZONE */;
/*!40103 SET TIME_ZONE='+00:00' */;
/*!40014 SET @OLD_UNIQUE_CHECKS=@@UNIQUE_CHECKS, UNIQUE_CHECKS=0 */;
/*!40014 SET @OLD_FOREIGN_KEY_CHECKS=@@FOREIGN_KEY_CHECKS, FOREIGN_KEY_CHECKS=0 */;
/*!40101 SET @OLD_SQL_MODE=@@SQL_MODE, SQL_MODE='NO_AUTO_VALUE_ON_ZERO' */;
/*!40111 SET @OLD_SQL_NOTES=@@SQL_NOTES, SQL_NOTES=0 */;

--
-- Table structure for table `bottomstates`
--

DROP TABLE IF EXISTS `bottomstates`;
/*!40101 SET @saved_cs_client     = @@character_set_client */;
/*!50503 SET character_set_client = utf8mb4 */;
CREATE TABLE `bottomstates` (
  `state` varchar(255) DEFAULT NULL,
  `BottomState` float DEFAULT NULL
) ENGINE=InnoDB DEFAULT CHARSET=utf8mb4 COLLATE=utf8mb4_0900_ai_ci;
/*!40101 SET character_set_client = @saved_cs_client */;

--
-- Dumping data for table `bottomstates`
--

LOCK TABLES `bottomstates` WRITE;
/*!40000 ALTER TABLE `bottomstates` DISABLE KEYS */;
INSERT INTO `bottomstates` VALUES ('Bihar',62),('Arunachal Pradesh',64),('Jammu and Kashmir',65),('Jharkhand',65),('Rajasthan',65),('Andhra Pradesh',66),('Chhattisgarh',66),('Madhya Pradesh',68),('Uttar Pradesh',68),('Orissa',71),('Assam',72),('Meghalaya',73),('Karnataka',74),('West Bengal',75),('Haryana',75),('Punjab',75),('Dadra and Nagar Haveli',76),('Manipur',76),('Gujarat',76),('Nagaland',78),('Tamil Nadu',79),('Sikkim',80),('Uttarakhand',80),('Maharashtra',81),('Himachal Pradesh',82),('Andaman And Nicobar Islands',84),('Daman and Diu',86),('Chandigarh',86),('Puducherry',87),('Delhi',87),('Tripura',87),('Mizoram',89),('Goa',89),('Lakshadweep',92),('Kerala',94);
/*!40000 ALTER TABLE `bottomstates` ENABLE KEYS */;
UNLOCK TABLES;

--
-- Table structure for table `datashet1`
--

DROP TABLE IF EXISTS `datashet1`;
/*!40101 SET @saved_cs_client     = @@character_set_client */;
/*!50503 SET character_set_client = utf8mb4 */;
CREATE TABLE `datashet1` (
  `District` text,
  `State` text,
  `Growth` double DEFAULT NULL,
  `Sex_Ratio` text,
  `Literacy` double DEFAULT NULL
) ENGINE=InnoDB DEFAULT CHARSET=utf8mb4 COLLATE=utf8mb4_0900_ai_ci;
/*!40101 SET character_set_client = @saved_cs_client */;

--
-- Dumping data for table `datashet1`
--

LOCK TABLES `datashet1` WRITE;
/*!40000 ALTER TABLE `datashet1` DISABLE KEYS */;
INSERT INTO `datashet1` VALUES ('South Andaman','Andaman And Nicobar Islands',0.14,'871',89.13),('North And Middle Andaman','Andaman And Nicobar Islands',0,'925',83.91),('Nicobars','Andaman And Nicobar Islands',-0.12,'777',78.06),('Rangareddy','Andhra Pradesh',0.48,'961',75.87),('East Godavari','Andhra Pradesh',0.05,'1,006.00',70.99),('Guntur','Andhra Pradesh',0.09,'1,003.00',67.4),('Krishna','Andhra Pradesh',0.08,'992',73.74),('Visakhapatnam','Andhra Pradesh',0.12,'1,006.00',66.91),('Chittoor','Andhra Pradesh',0.11,'997',71.53),('Anantapur','Andhra Pradesh',0.12,'977',63.57),('Kurnool','Andhra Pradesh',0.15,'988',59.97),('Mahbubnagar','Andhra Pradesh',0.15,'977',55.04),('Hyderabad','Andhra Pradesh',0.03,'954',83.25),('West Godavari','Andhra Pradesh',0.04,'1,004.00',74.63),('Karimnagar','Andhra Pradesh',0.08,'1,008.00',64.15),('Warangal','Andhra Pradesh',0.08,'997',65.11),('Nalgonda','Andhra Pradesh',0.07,'983',64.2),('Prakasam','Andhra Pradesh',0.11,'981',63.08),('Medak','Andhra Pradesh',0.14,'992',61.42),('Sri Potti Sriramulu Nellore','Andhra Pradesh',0.11,'985',68.9),('YSR','Andhra Pradesh',0.11,'985',67.3),('Khammam','Andhra Pradesh',0.08,'1,011.00',64.81),('Adilabad','Andhra Pradesh',0.1,'1,001.00',61.01),('Srikakulam','Andhra Pradesh',0.07,'1,015.00',61.74),('Nizamabad','Andhra Pradesh',0.09,'1,040.00',61.25),('Vizianagaram','Andhra Pradesh',0.04,'1,019.00',58.89),('Papumpare','Arunachal Pradesh',0.45,'980',79.95),('Changlang','Arunachal Pradesh',0.18,'926',59.8),('Lohit','Arunachal Pradesh',0.17,'912',68.18),('West Siang','Arunachal Pradesh',0.08,'930',66.46),('Tirap','Arunachal Pradesh',0.12,'944',52.19),('East Siang','Arunachal Pradesh',0.14,'980',72.54),('Kurung Kumey','Arunachal Pradesh',1.17,'1,032.00',48.75),('West Kameng','Arunachal Pradesh',0.13,'819',67.07),('Upper Subansiri','Arunachal Pradesh',0.51,'998',63.8),('Lower Subansiri','Arunachal Pradesh',0.49,'984',74.35),('East Kameng','Arunachal Pradesh',0.38,'1,029.00',60.02),('Lower Dibang Valley','Arunachal Pradesh',0.07,'928',69.13),('Tawang','Arunachal Pradesh',0.28,'714',59),('Upper Siang','Arunachal Pradesh',0.06,'889',59.99),('Anjaw','Arunachal Pradesh',0.14,'839',56.46),('Dibang Valley','Arunachal Pradesh',0.1,'813',64.1),('Nagaon','Assam',0.22,'962',72.37),('Dhubri','Assam',0.24,'953',58.34),('Sonitpur','Assam',0.16,'956',67.34),('Cachar','Assam',0.2,'959',79.34),('Barpeta','Assam',0.21,'953',63.81),('Kamrup','Assam',0.16,'949',75.55),('Tinsukia','Assam',0.15,'952',69.66),('Dibrugarh','Assam',0.12,'961',76.05),('Kamrup Metropolitan','Assam',0.18,'936',88.71),('Karimganj','Assam',0.22,'963',78.22),('Sivasagar','Assam',0.09,'954',80.41),('Jorhat','Assam',0.09,'962',82.15),('Golaghat','Assam',0.13,'964',77.43),('Lakhimpur','Assam',0.17,'968',77.2),('Goalpara','Assam',0.23,'964',67.37),('Morigaon','Assam',0.23,'967',68.03),('Karbi Anglong','Assam',0.18,'951',69.25),('Baksa','Assam',0.11,'974',69.25),('Darrang','Assam',0.22,'954',63.08),('Kokrajhar','Assam',0.05,'959',65.22),('Udalguri','Assam',0.1,'973',65.41),('Nalbari','Assam',0.12,'949',78.63),('Bongaigaon','Assam',0.21,'966',69.74),('Dhemaji','Assam',0.2,'953',72.7),('Hailakandi','Assam',0.21,'951',74.33),('Chirang','Assam',0.11,'969',63.55),('Dima Hasao','Assam',0.14,'932',77.54),('Patna','Bihar',0.24,'897',70.68),('Purbi Champaran','Bihar',0.29,'902',55.79),('Muzaffarpur','Bihar',0.28,'900',63.43),('Madhubani','Bihar',0.26,'926',58.62),('Gaya','Bihar',0.26,'937',63.67),('Samastipur','Bihar',0.26,'911',61.86),('Saran','Bihar',0.22,'954',65.96),('Darbhanga','Bihar',0.19,'911',56.56),('Pashchim Champaran','Bihar',0.29,'909',55.7),('Vaishali','Bihar',0.29,'895',66.6),('Sitamarhi','Bihar',0.28,'899',52.05),('Siwan','Bihar',0.23,'988',69.45),('Purnia','Bihar',0.28,'921',51.08),('Katihar','Bihar',0.28,'919',52.24),('Bhagalpur','Bihar',0.25,'880',63.14),('Begusarai','Bihar',0.26,'895',63.87),('Rohtas','Bihar',0.21,'918',73.37),('Nalanda','Bihar',0.21,'922',64.43),('Araria','Bihar',0.3,'921',53.53),('Bhojpur','Bihar',0.22,'907',70.47),('Gopalganj','Bihar',0.19,'1,021.00',65.47),('Aurangabad','Bihar',0.26,'926',70.32),('Supaul','Bihar',0.29,'929',57.67),('Nawada','Bihar',0.23,'939',59.76),('Banka','Bihar',0.26,'907',58.17),('Madhepura','Bihar',0.31,'911',52.25),('Saharsa','Bihar',0.26,'906',53.2),('Jamui','Bihar',0.26,'922',59.79),('Buxar','Bihar',0.22,'922',70.14),('Kishanganj','Bihar',0.3,'950',55.46),('Khagaria','Bihar',0.3,'886',57.92),('Kaimur','Bihar',0.26,'920',69.34),('Munger','Bihar',0.2,'876',70.46),('Jehanabad','Bihar',0.22,'922',66.8),('Lakhisarai','Bihar',0.25,'902',62.42),('Arwal','Bihar',0.19,'928',67.43),('Sheohar','Bihar',0.27,'893',53.78),('Sheikhpura','Bihar',0.21,'930',63.86),('Chandigarh','Chandigarh',0.17,'818',86.05),('Raipur','Chhattisgarh',0.35,'984',75.56),('Durg','Chhattisgarh',0.19,'988',79.06),('Bilaspur','Chhattisgarh',0.33,'971',70.78),('Surguja','Chhattisgarh',0.2,'978',60.01),('Janjgir Champa','Chhattisgarh',0.23,'986',73.07),('Rajnandgaon','Chhattisgarh',0.2,'1,015.00',75.96),('Raigarh','Chhattisgarh',0.18,'991',73.26),('Bastar','Chhattisgarh',0.18,'1,023.00',54.4),('Korba','Chhattisgarh',0.19,'969',72.37),('Mahasamund','Chhattisgarh',0.2,'1,017.00',71.02),('Jashpur','Chhattisgarh',0.15,'1,005.00',67.92),('Kabirdham','Chhattisgarh',0.41,'996',60.85),('Dhamtari','Chhattisgarh',0.13,'1,010.00',78.36),('Kanker','Chhattisgarh',0.15,'1,006.00',70.29),('Korea','Chhattisgarh',0.12,'968',70.64),('Dantewada','Chhattisgarh',0.12,'1,020.00',42.12),('Bijapur','Chhattisgarh',0.09,'984',40.86),('Narayanpur','Chhattisgarh',0.19,'994',48.62),('Dadra and Nagar Haveli','Dadra and Nagar Haveli',0.56,'774',76.24),('Daman','Daman and Diu',0.68,'534',88.07),('Diu','Daman and Diu',0.18,'1,031.00',83.46),('North West Delhi','Delhi',0.28,'865',84.45),('South Delhi','Delhi',0.21,'862',86.57),('West Delhi','Delhi',0.19,'875',86.98),('South West Delhi','Delhi',0.31,'840',88.28),('North East Delhi','Delhi',0.27,'886',83.09),('East Delhi','Delhi',0.17,'884',89.31),('North Delhi','Delhi',0.14,'869',86.85),('Central Delhi','Delhi',-0.1,'892',85.14),('New Delhi','Delhi',-0.21,'822',88.34),('North Goa','Goa',0.08,'963',89.57),('South Goa','Goa',0.09,'986',87.59),('Ahmadabad','Gujarat',0.24,'904',85.31),('Surat','Gujarat',0.42,'787',85.53),('Vadodara','Gujarat',0.14,'934',78.92),('Rajkot','Gujarat',0.2,'927',80.96),('Banaskantha','Gujarat',0.25,'938',65.32),('Bhavnagar','Gujarat',0.17,'933',75.52),('Junagadh','Gujarat',0.12,'953',75.8),('Sabarkantha','Gujarat',0.17,'952',75.79),('PanchMahal','Gujarat',0.18,'949',70.99),('Kheda','Gujarat',0.14,'940',82.65),('Jamnagar','Gujarat',0.13,'939',73.65),('Dohad','Gujarat',0.3,'990',58.82),('Anand','Gujarat',0.13,'925',84.37),('Kachchh','Gujarat',0.32,'908',70.59),('Mahesana','Gujarat',0.11,'926',83.61),('Surendranagar','Gujarat',0.16,'930',72.13),('Valsad','Gujarat',0.21,'922',78.55),('Bharuch','Gujarat',0.13,'925',81.51),('Amreli','Gujarat',0.09,'964',74.25),('Gandhinagar','Gujarat',0.04,'923',84.16),('Patan','Gujarat',0.14,'935',72.3),('Navsari','Gujarat',0.08,'961',83.88),('Tapi','Gujarat',0.12,'1,007.00',68.26),('Narmada','Gujarat',0.15,'961',72.31),('Porbandar','Gujarat',0.09,'950',75.78),('The Dangs','Gujarat',0.22,'1,006.00',75.16),('Faridabad','Haryana',0.33,'873',81.7),('Hisar','Haryana',0.13,'872',72.89),('Bhiwani','Haryana',0.15,'886',75.21),('Gurgaon','Haryana',0.74,'854',84.7),('Karnal','Haryana',0.18,'887',74.73),('Sonipat','Haryana',0.13,'856',79.12),('Jind','Haryana',0.12,'871',71.44),('Sirsa','Haryana',0.16,'897',68.82),('Yamunanagar','Haryana',0.17,'877',77.99),('Panipat','Haryana',0.25,'864',75.94),('Ambala','Haryana',0.11,'885',81.75),('Mewat','Haryana',0.38,'907',54.08),('Kaithal','Haryana',0.14,'881',69.15),('Rohtak','Haryana',0.13,'867',80.22),('Palwal','Haryana',0.26,'880',69.32),('Kurukshetra','Haryana',0.17,'888',76.31),('Jhajjar','Haryana',0.09,'862',80.65),('Fatehabad','Haryana',0.17,'902',67.92),('Mahendragarh','Haryana',0.13,'895',77.72),('Rewari','Haryana',0.18,'898',80.99),('Panchkula','Haryana',0.2,'873',81.88),('Kangra','Himachal Pradesh',0.13,'1,012.00',85.67),('Mandi','Himachal Pradesh',0.11,'1,007.00',81.53),('Shimla','Himachal Pradesh',0.13,'915',83.64),('Solan','Himachal Pradesh',0.16,'880',83.68),('Sirmaur','Himachal Pradesh',0.16,'918',78.8),('Una','Himachal Pradesh',0.16,'976',86.53),('Chamba','Himachal Pradesh',0.13,'986',72.17),('Hamirpur','Himachal Pradesh',0.1,'1,095.00',88.15),('Kullu','Himachal Pradesh',0.15,'942',79.4),('Bilaspur','Himachal Pradesh',0.12,'981',84.59),('Kinnaur','Himachal Pradesh',0.07,'819',80),('Lahul and Spiti','Himachal Pradesh',-0.05,'903',76.81),('Jammu','Jammu and Kashmir',0.13,'880',83.45),('Srinagar','Jammu and Kashmir',0.2,'900',69.41),('Anantnag','Jammu and Kashmir',0.39,'927',62.69),('Baramula','Jammu and Kashmir',0.19,'885',64.63),('Kupwara','Jammu and Kashmir',0.34,'835',64.51),('Badgam','Jammu and Kashmir',0.24,'894',56.08),('Rajouri','Jammu and Kashmir',0.33,'860',68.17),('Kathua','Jammu and Kashmir',0.21,'890',73.09),('Pulwama','Jammu and Kashmir',0.27,'912',63.48),('Udhampur','Jammu and Kashmir',0.21,'870',68.49),('Punch','Jammu and Kashmir',0.28,'893',66.74),('Kulgam','Jammu and Kashmir',0.08,'951',59.23),('Doda','Jammu and Kashmir',0.28,'919',64.68),('Bandipora','Jammu and Kashmir',0.29,'889',56.28),('Samba','Jammu and Kashmir',0.17,'886',81.41),('Reasi','Jammu and Kashmir',0.27,'890',58.15),('Ganderbal','Jammu and Kashmir',0.37,'874',58.04),('Ramban','Jammu and Kashmir',0.32,'902',54.27),('Shupiyan','Jammu and Kashmir',0.26,'951',60.76),('Kishtwar','Jammu and Kashmir',0.21,'920',56.2),('Kargil','Jammu and Kashmir',0.18,'810',71.34),('Leh','Jammu and Kashmir',0.14,'690',77.2),('Ranchi','Jharkhand',0.24,'949',76.06),('Dhanbad','Jharkhand',0.12,'909',74.52),('Giridih','Jharkhand',0.28,'944',63.14),('Purbi Singhbhum','Jharkhand',0.16,'949',75.49),('Bokaro','Jharkhand',0.16,'922',72.01),('Palamu','Jharkhand',0.26,'928',63.63),('Hazaribagh','Jharkhand',0.21,'947',69.75),('Pashchimi Singhbhum','Jharkhand',0.22,'1,005.00',58.63),('Deoghar','Jharkhand',0.28,'925',64.85),('Garhwa','Jharkhand',0.28,'935',60.33),('Dumka','Jharkhand',0.19,'977',61.02),('Godda','Jharkhand',0.25,'938',56.4),('Sahibganj','Jharkhand',0.24,'952',52.04),('Saraikela Kharsawan','Jharkhand',0.25,'956',67.7),('Chatra','Jharkhand',0.32,'953',60.18),('Gumla','Jharkhand',0.23,'993',65.73),('Ramgarh','Jharkhand',0.13,'921',73.17),('Pakur','Jharkhand',0.28,'989',48.82),('Jamtara','Jharkhand',0.21,'954',64.59),('Latehar','Jharkhand',0.3,'967',59.51),('Kodarma','Jharkhand',0.43,'950',66.84),('Simdega','Jharkhand',0.17,'997',67.99),('Khunti','Jharkhand',0.22,'997',63.86),('Lohardaga','Jharkhand',0.27,'985',67.61),('Bangalore','Karnataka',0.47,'916',87.67),('Belgaum','Karnataka',0.13,'973',73.48),('Mysore','Karnataka',0.14,'985',72.79),('Tumkur','Karnataka',0.04,'984',75.14),('Gulbarga','Karnataka',0.18,'971',64.85),('Bellary','Karnataka',0.21,'983',67.43),('Bijapur','Karnataka',0.21,'960',67.15),('Dakshina Kannada','Karnataka',0.1,'1,020.00',88.57),('Davanagere','Karnataka',0.09,'972',75.74),('Raichur','Karnataka',0.16,'1,000.00',59.56),('Bagalkot','Karnataka',0.14,'989',68.82),('Dharwad','Karnataka',0.15,'971',80),('Mandya','Karnataka',0.02,'995',70.4),('Hassan','Karnataka',0.03,'1,010.00',76.07),('Shimoga','Karnataka',0.07,'998',80.45),('Bidar','Karnataka',0.13,'956',70.51),('Chitradurga','Karnataka',0.09,'974',73.71),('Haveri','Karnataka',0.11,'950',77.4),('Kolar','Karnataka',0.11,'979',74.39),('Uttara Kannada','Karnataka',0.06,'979',84.06),('Koppal','Karnataka',0.16,'986',68.09),('Chikkaballapura','Karnataka',0.09,'972',69.76),('Udupi','Karnataka',0.06,'1,094.00',86.24),('Yadgir','Karnataka',0.23,'989',51.83),('Chikmagalur','Karnataka',0,'1,008.00',79.25),('Ramanagara','Karnataka',0.05,'976',69.22),('Gadag','Karnataka',0.1,'982',75.12),('Chamarajanagar','Karnataka',0.06,'993',61.43),('Bangalore Rural','Karnataka',0.16,'946',77.93),('Kodagu','Karnataka',0.01,'1,019.00',82.61),('Malappuram','Kerala',0.13,'1,098.00',93.57),('Thiruvananthapuram','Kerala',0.02,'1,087.00',93.02),('Ernakulam','Kerala',0.06,'1,027.00',95.89),('Thrissur','Kerala',0.05,'1,108.00',95.08),('Kozhikode','Kerala',0.07,'1,098.00',95.08),('Palakkad','Kerala',0.07,'1,067.00',89.31),('Kollam','Kerala',0.02,'1,113.00',94.09),('Kannur','Kerala',0.05,'1,136.00',95.1),('Alappuzha','Kerala',0.01,'1,100.00',95.72),('Kottayam','Kerala',0.01,'1,039.00',97.21),('Kasaragod','Kerala',0.09,'1,080.00',90.09),('Pathanamthitta','Kerala',-0.03,'1,132.00',96.55),('Idukki','Kerala',-0.02,'1,006.00',91.99),('Wayanad','Kerala',0.05,'1,035.00',89.03),('Lakshadweep','Lakshadweep',0.06,'946',91.85),('Indore','Madhya Pradesh',0.33,'928',80.87),('Jabalpur','Madhya Pradesh',0.15,'929',81.07),('Sagar','Madhya Pradesh',0.18,'893',76.46),('Bhopal','Madhya Pradesh',0.29,'918',80.37),('Rewa','Madhya Pradesh',0.2,'931',71.62),('Satna','Madhya Pradesh',0.19,'926',72.26),('Dhar','Madhya Pradesh',0.26,'964',59),('Chhindwara','Madhya Pradesh',0.13,'964',71.16),('Gwalior','Madhya Pradesh',0.25,'864',76.65),('Ujjain','Madhya Pradesh',0.16,'955',72.34),('Morena','Madhya Pradesh',0.23,'840',71.03),('West Nimar','Madhya Pradesh',0.23,'965',62.7),('Chhattarpur','Madhya Pradesh',0.2,'883',63.74),('Shivpuri','Madhya Pradesh',0.23,'877',62.55),('Bhind','Madhya Pradesh',0.19,'837',75.26),('Balaghat','Madhya Pradesh',0.14,'1,021.00',77.09),('Betul','Madhya Pradesh',0.13,'971',68.9),('Dewas','Madhya Pradesh',0.2,'942',69.35),('Rajgarh','Madhya Pradesh',0.23,'956',61.21),('Shajapur','Madhya Pradesh',0.17,'938',69.09),('Vidisha','Madhya Pradesh',0.2,'896',70.53),('Ratlam','Madhya Pradesh',0.2,'971',66.78),('Tikamgarh','Madhya Pradesh',0.2,'901',61.43),('Barwani','Madhya Pradesh',0.28,'982',49.08),('Seoni','Madhya Pradesh',0.18,'982',72.12),('Mandsaur','Madhya Pradesh',0.13,'963',71.78),('Raisen','Madhya Pradesh',0.18,'901',72.98),('Sehore','Madhya Pradesh',0.22,'918',70.06),('East Nimar','Madhya Pradesh',0.22,'943',66.39),('Katni','Madhya Pradesh',0.21,'952',71.98),('Damoh','Madhya Pradesh',0.17,'910',69.73),('Guna','Madhya Pradesh',0.27,'912',63.23),('Hoshangabad','Madhya Pradesh',0.14,'914',75.29),('Singrauli','Madhya Pradesh',0.28,'920',60.41),('Sidhi','Madhya Pradesh',0.24,'957',64.43),('Narsimhapur','Madhya Pradesh',0.14,'920',75.69),('Shahdol','Madhya Pradesh',0.17,'974',66.67),('Mandla','Madhya Pradesh',0.18,'1,008.00',66.87),('Jhabua','Madhya Pradesh',0.31,'990',43.3),('Panna','Madhya Pradesh',0.19,'905',64.79),('Ashoknagar','Madhya Pradesh',0.23,'904',66.42),('Neemuch','Madhya Pradesh',0.14,'954',70.8),('Datia','Madhya Pradesh',0.18,'873',72.63),('Burhanpur','Madhya Pradesh',0.19,'951',64.36),('Anuppur','Madhya Pradesh',0.12,'976',67.88),('Alirajpur','Madhya Pradesh',0.19,'1,011.00',36.1),('Dindori','Madhya Pradesh',0.21,'1,002.00',63.9),('Sheopur','Madhya Pradesh',0.23,'901',57.43),('Umaria','Madhya Pradesh',0.25,'950',65.89),('Harda','Madhya Pradesh',0.2,'935',72.5),('Thane','Maharashtra',0.36,'886',84.53),('Pune','Maharashtra',0.3,'915',86.15),('Mumbai Suburban','Maharashtra',0.08,'860',89.91),('Nashik','Maharashtra',0.22,'934',82.31),('Nagpur','Maharashtra',0.14,'951',88.39),('Ahmadnagar','Maharashtra',0.12,'939',79.05),('Solapur','Maharashtra',0.12,'938',77.02),('Jalgaon','Maharashtra',0.15,'925',78.2),('Kolhapur','Maharashtra',0.1,'957',81.51),('Aurangabad','Maharashtra',0.28,'923',79.02),('Nanded','Maharashtra',0.17,'943',75.45),('Mumbai City','Maharashtra',-0.08,'832',89.21),('Satara','Maharashtra',0.07,'988',82.87),('Amravati','Maharashtra',0.11,'951',87.38),('Sangli','Maharashtra',0.09,'966',81.48),('Yavatmal','Maharashtra',0.13,'952',82.82),('Raigarh','Maharashtra',0.19,'959',83.14),('Buldana','Maharashtra',0.16,'934',83.4),('Bid','Maharashtra',0.2,'916',76.99),('Latur','Maharashtra',0.18,'928',77.26),('Chandrapur','Maharashtra',0.06,'961',80.01),('Dhule','Maharashtra',0.2,'946',72.8),('Jalna','Maharashtra',0.21,'937',71.52),('Parbhani','Maharashtra',0.2,'947',73.34),('Akola','Maharashtra',0.11,'946',88.05),('Osmanabad','Maharashtra',0.12,'924',78.44),('Nandurbar','Maharashtra',0.26,'978',64.38),('Ratnagiri','Maharashtra',-0.05,'1,122.00',82.18),('Gondiya','Maharashtra',0.1,'999',84.95),('Wardha','Maharashtra',0.05,'946',86.99),('Bhandara','Maharashtra',0.06,'982',83.76),('Washim','Maharashtra',0.17,'930',83.25),('Hingoli','Maharashtra',0.19,'942',78.17),('Gadchiroli','Maharashtra',0.11,'982',74.36),('Sindhudurg','Maharashtra',-0.02,'1,036.00',85.56),('Imphal West','Manipur',0.17,'1,031.00',86.08),('Senapati','Manipur',0.69,'937',63.6),('Imphal East','Manipur',0.16,'1,017.00',81.95),('Thoubal','Manipur',0.16,'1,002.00',74.47),('Churachandpur','Manipur',0.2,'975',82.78),('Bishnupur','Manipur',0.14,'999',75.85),('Ukhrul','Manipur',0.31,'943',81.35),('Chandel','Manipur',0.22,'933',71.11),('Tamenglong','Manipur',0.26,'943',70.05),('East Khasi Hills','Meghalaya',0.25,'1,011.00',84.15),('West Garo Hills','Meghalaya',0.24,'984',67.58),('Jaintia Hills','Meghalaya',0.32,'1,013.00',61.64),('West Khasi Hills','Meghalaya',0.3,'980',77.87),('East Garo Hills','Meghalaya',0.27,'972',73.95),('Ri Bhoi','Meghalaya',0.34,'953',75.67),('South Garo Hills','Meghalaya',0.41,'945',71.72),('Aizawl','Mizoram',0.23,'1,009.00',97.89),('Lunglei','Mizoram',0.18,'947',88.86),('Champhai','Mizoram',0.16,'984',95.91),('Lawngtlai','Mizoram',0.6,'945',65.88),('Mamit','Mizoram',0.38,'927',84.93),('Kolasib','Mizoram',0.27,'956',93.5),('Serchhip','Mizoram',0.21,'977',97.91),('Saiha','Mizoram',-0.07,'979',90.01),('Dimapur','Nagaland',1.27,'919',84.79),('Kohima','Nagaland',1.32,'928',85.23),('Mon','Nagaland',0.8,'899',56.99),('Tuensang','Nagaland',0.95,'929',73.08),('Mokokchung','Nagaland',0.61,'925',91.62),('Wokha','Nagaland',0.99,'968',87.69),('Phek','Nagaland',1.12,'951',78.05),('Zunheboto','Nagaland',0.78,'976',85.26),('Peren','Nagaland',1.04,'915',77.95),('Kiphire','Nagaland',0.39,'956',69.54),('Longleng','Nagaland',-0.22,'905',72.17),('Ganjam','Orissa',0.12,'983',71.09),('Cuttack','Orissa',0.12,'940',85.5),('Mayurbhanj','Orissa',0.13,'1,006.00',63.17),('Baleshwar','Orissa',0.15,'957',79.79),('Khordha','Orissa',0.2,'929',86.88),('Sundargarh','Orissa',0.14,'973',73.34),('Jajapur','Orissa',0.12,'973',80.13),('Kendujhar','Orissa',0.15,'988',68.24),('Puri','Orissa',0.13,'963',84.67),('Balangir','Orissa',0.23,'987',64.72),('Kalahandi','Orissa',0.18,'1,003.00',59.22),('Bhadrak','Orissa',0.13,'981',82.78),('Bargarh','Orissa',0.1,'977',74.62),('Kendrapara','Orissa',0.11,'1,007.00',85.15),('Koraput','Orissa',0.17,'1,032.00',49.21),('Anugul','Orissa',0.12,'943',77.53),('Nabarangapur','Orissa',0.19,'1,019.00',46.43),('Dhenkanal','Orissa',0.12,'947',78.76),('Jagatsinghapur','Orissa',0.08,'968',86.59),('Sambalpur','Orissa',0.11,'976',76.22),('Rayagada','Orissa',0.16,'1,051.00',49.76),('Nayagarh','Orissa',0.11,'915',80.42),('Kandhamal','Orissa',0.13,'1,037.00',64.13),('Malkangiri','Orissa',0.22,'1,020.00',48.54),('Nuapada','Orissa',0.15,'1,021.00',57.35),('Subarnapur','Orissa',0.13,'960',74.42),('Jharsuguda','Orissa',0.14,'953',78.86),('Gajapati','Orissa',0.11,'1,043.00',53.49),('Baudh','Orissa',0.18,'991',71.61),('Debagarh','Orissa',0.14,'975',72.57),('Puducherry','Puducherry',0.29,'1,029.00',85.44),('Karaikal','Puducherry',0.17,'1,047.00',87.05),('Yanam','Puducherry',0.77,'1,038.00',79.47),('Mahe','Puducherry',0.14,'1,184.00',97.87),('Ludhiana','Punjab',0.15,'873',82.2),('Amritsar','Punjab',0.15,'889',76.27),('Gurdaspur','Punjab',0.09,'895',79.95),('Jalandhar','Punjab',0.12,'915',82.48),('Firozpur','Punjab',0.16,'893',68.92),('Patiala','Punjab',0.2,'891',75.28),('Sangrur','Punjab',0.12,'885',67.99),('Hoshiarpur','Punjab',0.07,'961',84.59),('Bathinda','Punjab',0.17,'868',68.28),('Tarn Taran','Punjab',0.19,'900',67.81),('Moga','Punjab',0.11,'893',70.68),('Mohali','Punjab',0.33,'879',83.8),('Muktsar','Punjab',0.16,'896',65.81),('Kapurthala','Punjab',0.08,'912',79.07),('Mansa','Punjab',0.12,'883',61.83),('Rupnagar','Punjab',0.09,'915',82.19),('Faridkot','Punjab',0.12,'890',69.55),('Shahid Bhagat Singh Nagar','Punjab',0.04,'954',79.78),('Fatehgarh Sahib','Punjab',0.11,'871',79.35),('Barnala','Punjab',0.13,'876',67.82),('Jaipur','Rajasthan',0.26,'910',75.51),('Jodhpur','Rajasthan',0.28,'916',65.94),('Alwar','Rajasthan',0.23,'895',70.72),('Nagaur','Rajasthan',0.19,'950',62.8),('Udaipur','Rajasthan',0.24,'958',61.82),('Sikar','Rajasthan',0.17,'947',71.91),('Barmer','Rajasthan',0.33,'902',56.53),('Ajmer','Rajasthan',0.18,'951',69.33),('Bharatpur','Rajasthan',0.21,'880',70.11),('Bhilwara','Rajasthan',0.2,'973',61.37),('Bikaner','Rajasthan',0.41,'905',65.13),('Jhunjhunun','Rajasthan',0.12,'950',74.13),('Churu','Rajasthan',0.06,'940',66.75),('Pali','Rajasthan',0.12,'987',62.39),('Ganganagar','Rajasthan',0.1,'887',69.64),('Kota','Rajasthan',0.24,'911',76.56),('Jalor','Rajasthan',0.26,'952',54.86),('Banswara','Rajasthan',0.27,'980',56.33),('Hanumangarh','Rajasthan',0.17,'906',67.13),('Dausa','Rajasthan',0.24,'905',68.16),('Chittaurgarh','Rajasthan',0.16,'972',61.71),('Karauli','Rajasthan',0.21,'861',66.22),('Tonk','Rajasthan',0.17,'952',61.58),('Jhalawar','Rajasthan',0.2,'946',61.5),('Dungarpur','Rajasthan',0.25,'994',59.46),('Sawai Madhopur','Rajasthan',0.2,'897',65.39),('Baran','Rajasthan',0.2,'929',66.66),('Dhaulpur','Rajasthan',0.23,'846',69.08),('Rajsamand','Rajasthan',0.17,'990',63.14),('Bundi','Rajasthan',0.15,'925',61.52),('Sirohi','Rajasthan',0.22,'940',55.25),('Pratapgarh','Rajasthan',0.23,'983',55.97),('Jaisalmer','Rajasthan',0.32,'852',57.22),('East Sikkim','Sikkim',0.16,'873',83.85),('South Sikkim','Sikkim',0.12,'915',81.42),('West Sikkim','Sikkim',0.11,'942',77.39),('North Sikkim','Sikkim',0.07,'767',78.01),('Chennai','Tamil Nadu',0.07,'989',90.18),('Kancheepuram','Tamil Nadu',0.39,'986',84.49),('Vellore','Tamil Nadu',0.13,'1,007.00',79.17),('Thiruvallur','Tamil Nadu',0.35,'987',84.03),('Salem','Tamil Nadu',0.15,'954',72.86),('Viluppuram','Tamil Nadu',0.17,'987',71.88),('Coimbatore','Tamil Nadu',0.19,'1,000.00',83.98),('Tirunelveli','Tamil Nadu',0.13,'1,023.00',82.5),('Madurai','Tamil Nadu',0.18,'990',83.45),('Tiruchirappalli','Tamil Nadu',0.13,'1,013.00',83.23),('Cuddalore','Tamil Nadu',0.14,'987',78.04),('Tiruppur','Tamil Nadu',0.29,'989',78.68),('Tiruvannamalai','Tamil Nadu',0.13,'994',74.21),('Thanjavur','Tamil Nadu',0.09,'1,035.00',82.64),('Erode','Tamil Nadu',0.12,'993',72.58),('Dindigul','Tamil Nadu',0.12,'998',76.26),('Virudhunagar','Tamil Nadu',0.11,'1,007.00',80.15),('Krishnagiri','Tamil Nadu',0.2,'958',71.46),('Kanniyakumari','Tamil Nadu',0.12,'1,019.00',91.75),('Thoothukkudi','Tamil Nadu',0.11,'1,023.00',86.16),('Namakkal','Tamil Nadu',0.16,'986',74.63),('Pudukkottai','Tamil Nadu',0.11,'1,015.00',77.19),('Nagapattinam','Tamil Nadu',0.09,'1,025.00',83.59),('Dharmapuri','Tamil Nadu',0.16,'946',68.54),('Ramanathapuram','Tamil Nadu',0.14,'983',80.72),('Sivaganga','Tamil Nadu',0.16,'1,003.00',79.85),('Thiruvarur','Tamil Nadu',0.08,'1,017.00',82.86),('Theni','Tamil Nadu',0.14,'991',77.26),('Karur','Tamil Nadu',0.14,'1,015.00',75.6),('Ariyalur','Tamil Nadu',0.09,'1,015.00',71.34),('The Nilgiris','Tamil Nadu',-0.04,'1,042.00',85.2),('Perambalur','Tamil Nadu',0.15,'1,003.00',74.32),('West Tripura','Tripura',0.13,'962',88.69),('South Tripura','Tripura',0.14,'957',84.66),('North Tripura','Tripura',0.17,'967',87.5),('Dhalai','Tripura',0.23,'944',85.72),('Allahabad','Uttar Pradesh',0.21,'901',72.32),('Moradabad','Uttar Pradesh',0.25,'906',56.77),('Ghaziabad','Uttar Pradesh',0.42,'881',78.07),('Azamgarh','Uttar Pradesh',0.17,'1,019.00',70.93),('Lucknow','Uttar Pradesh',0.26,'917',77.29),('Kanpur Nagar','Uttar Pradesh',0.1,'862',79.65),('Jaunpur','Uttar Pradesh',0.15,'1,024.00',71.55),('Sitapur','Uttar Pradesh',0.24,'888',61.12),('Bareilly','Uttar Pradesh',0.23,'887',58.49),('Gorakhpur','Uttar Pradesh',0.18,'950',70.83),('Agra','Uttar Pradesh',0.22,'868',71.58),('Muzaffarnagar','Uttar Pradesh',0.17,'889',69.12),('Hardoi','Uttar Pradesh',0.2,'868',64.57),('Kheri','Uttar Pradesh',0.25,'894',60.56),('Sultanpur','Uttar Pradesh',0.18,'983',69.27),('Bijnor','Uttar Pradesh',0.18,'917',68.48),('Budaun','Uttar Pradesh',0.2,'871',51.29),('Varanasi','Uttar Pradesh',0.17,'913',75.6),('Aligarh','Uttar Pradesh',0.23,'882',67.52),('Ghazipur','Uttar Pradesh',0.19,'952',71.78),('Kushinagar','Uttar Pradesh',0.23,'961',65.25),('Bulandshahar','Uttar Pradesh',0.2,'896',68.88),('Bahraich','Uttar Pradesh',0.46,'892',49.36),('Saharanpur','Uttar Pradesh',0.2,'890',70.49),('Meerut','Uttar Pradesh',0.15,'886',72.84),('Gonda','Uttar Pradesh',0.24,'921',58.71),('Rae Bareli','Uttar Pradesh',0.19,'943',67.25),('Barabanki','Uttar Pradesh',0.22,'910',61.75),('Ballia','Uttar Pradesh',0.17,'937',70.94),('Pratapgarh','Uttar Pradesh',0.18,'998',70.09),('Unnao','Uttar Pradesh',0.15,'907',66.37),('Deoria','Uttar Pradesh',0.14,'1,017.00',71.13),('Shahjahanpur','Uttar Pradesh',0.18,'872',59.54),('Maharajganj','Uttar Pradesh',0.24,'943',62.76),('Fatehpur','Uttar Pradesh',0.14,'901',67.43),('Siddharth Nagar','Uttar Pradesh',0.25,'976',59.25),('Mathura','Uttar Pradesh',0.23,'863',70.36),('Firozabad','Uttar Pradesh',0.22,'875',71.92),('Mirzapur','Uttar Pradesh',0.18,'903',68.48),('Faizabad','Uttar Pradesh',0.18,'962',68.73),('Basti','Uttar Pradesh',0.18,'963',67.22),('Ambedkar Nagar','Uttar Pradesh',0.18,'978',72.23),('Rampur','Uttar Pradesh',0.21,'909',53.34),('Mau','Uttar Pradesh',0.19,'979',73.09),('Balrampur','Uttar Pradesh',0.28,'928',49.51),('Pilibhit','Uttar Pradesh',0.23,'895',61.47),('Jhansi','Uttar Pradesh',0.15,'890',75.05),('Chandauli','Uttar Pradesh',0.19,'918',71.48),('Farrukhabad','Uttar Pradesh',0.2,'874',69.04),('Mainpuri','Uttar Pradesh',0.17,'881',75.99),('Sonbhadra','Uttar Pradesh',0.27,'918',64.03),('Jyotiba Phule Nagar','Uttar Pradesh',0.23,'910',63.84),('Banda','Uttar Pradesh',0.17,'863',66.67),('Ramabai Nagar','Uttar Pradesh',0.15,'865',75.78),('Etah','Uttar Pradesh',0.14,'873',70.81),('Sant Kabir Nagar','Uttar Pradesh',0.21,'972',66.72),('Jalaun','Uttar Pradesh',0.16,'865',73.75),('Kannauj','Uttar Pradesh',0.19,'879',72.7),('Gautam Buddha Nagar','Uttar Pradesh',0.37,'851',80.12),('Kaushambi','Uttar Pradesh',0.24,'908',61.28),('Etawah','Uttar Pradesh',0.18,'870',78.41),('Sant Ravidas Nagar','Uttar Pradesh',0.17,'955',68.97),('Mahamaya Nagar','Uttar Pradesh',0.17,'871',71.59),('Kanshiram Nagar','Uttar Pradesh',0.17,'880',61.02),('Auraiya','Uttar Pradesh',0.17,'864',78.95),('Baghpat','Uttar Pradesh',0.12,'861',72.01),('Lalitpur','Uttar Pradesh',0.25,'906',63.52),('Shrawasti','Uttar Pradesh',-0.05,'881',46.74),('Hamirpur','Uttar Pradesh',0.06,'861',68.77),('Chitrakoot','Uttar Pradesh',0.29,'879',65.05),('Mahoba','Uttar Pradesh',0.24,'878',65.27),('Haridwar','Uttarakhand',0.31,'880',73.43),('Dehradun','Uttarakhand',0.32,'902',84.25),('Udham Singh Nagar','Uttarakhand',0.33,'920',73.1),('Nainital','Uttarakhand',0.25,'934',83.88),('Pauri Garhwal','Uttarakhand',-0.01,'1,103.00',82.02),('Almora','Uttarakhand',-0.01,'1,139.00',80.47),('Tehri Garhwal','Uttarakhand',0.02,'1,077.00',76.36),('Pithoragarh','Uttarakhand',0.05,'1,020.00',82.25),('Chamoli','Uttarakhand',0.06,'1,019.00',82.65),('Uttarkashi','Uttarakhand',0.12,'958',75.81),('Bageshwar','Uttarakhand',0.04,'1,090.00',80.01),('Champawat','Uttarakhand',0.16,'980',79.83),('Rudraprayag','Uttarakhand',0.07,'1,114.00',81.3),('North Twenty Four Parganas','West Bengal',0.12,'955',84.06),('South Twenty Four Parganas','West Bengal',0.18,'956',77.51),('Barddhaman','West Bengal',0.12,'945',76.21),('Murshidabad','West Bengal',0.21,'958',66.59),('Paschim Medinipur','West Bengal',0.14,'966',78),('Hugli','West Bengal',0.09,'961',81.8),('Nadia','West Bengal',0.12,'947',74.97),('Purba Medinipur','West Bengal',0.15,'938',87.02),('Haora','West Bengal',0.14,'939',83.31),('Kolkata','West Bengal',-0.02,'908',86.31),('Maldah','West Bengal',0.21,'944',61.73),('Jalpaiguri','West Bengal',0.14,'953',73.25),('Bankura','West Bengal',0.13,'957',70.26),('Birbhum','West Bengal',0.16,'956',70.68),('Uttar Dinajpur','West Bengal',0.23,'939',59.07),('Puruliya','West Bengal',0.16,'957',64.48),('Koch Bihar','West Bengal',0.14,'942',74.78),('Darjiling','West Bengal',0.15,'970',79.56),('Dakshin Dinajpur','West Bengal',0.12,'956',72.82);
/*!40000 ALTER TABLE `datashet1` ENABLE KEYS */;
UNLOCK TABLES;

--
-- Table structure for table `datashet2`
--

DROP TABLE IF EXISTS `datashet2`;
/*!40101 SET @saved_cs_client     = @@character_set_client */;
/*!50503 SET character_set_client = utf8mb4 */;
CREATE TABLE `datashet2` (
  `District` text,
  `State` text,
  `Population` int DEFAULT NULL
) ENGINE=InnoDB DEFAULT CHARSET=utf8mb4 COLLATE=utf8mb4_0900_ai_ci;
/*!40101 SET character_set_client = @saved_cs_client */;

--
-- Dumping data for table `datashet2`
--

LOCK TABLES `datashet2` WRITE;
/*!40000 ALTER TABLE `datashet2` DISABLE KEYS */;
INSERT INTO `datashet2` VALUES ('Adilabad','Andhra Pradesh',2741239),('Agra','Uttar Pradesh',4418797),('Ahmadabad','Gujarat',7214225),('Ahmadnagar','Maharashtra',4543159),('Aizawl','Mizoram',400309),('Ajmer','Rajasthan',2583052),('Akola','Maharashtra',1813906),('Alappuzha','Kerala',2127789),('Aligarh','Uttar Pradesh',3673889),('Alirajpur','Madhya Pradesh',728999),('Allahabad','Uttar Pradesh',5954391),('Almora','Uttarakhand',622506),('Alwar','Rajasthan',3674179),('Ambala','Haryana',1128350),('Ambedkar Nagar','Uttar Pradesh',2397888),('Amravati','Maharashtra',2888445),('Amreli','Gujarat',1514190),('Amritsar','Punjab',2490656),('Anand','Gujarat',2092745),('Anantapur','Andhra Pradesh',4081148),('Anantnag','Jammu and Kashmir',1078692),('Anjaw','Arunachal Pradesh',21167),('Anugul','Orissa',1273821),('Anuppur','Madhya Pradesh',749237),('Araria','Bihar',2811569),('Ariyalur','Tamil Nadu',754894),('Arwal','Bihar',700843),('Ashoknagar','Madhya Pradesh',845071),('Auraiya','Uttar Pradesh',1379545),('Aurangabad','Bihar',2540073),('Aurangabad','Maharashtra',3701282),('Azamgarh','Uttar Pradesh',4613913),('Badgam','Jammu and Kashmir',753745),('Bagalkot','Karnataka',1889752),('Bageshwar','Uttarakhand',259898),('Baghpat','Uttar Pradesh',1303048),('Bahraich','Uttar Pradesh',3487731),('Baksa','Assam',950075),('Balaghat','Madhya Pradesh',1701698),('Balangir','Orissa',1648997),('Baleshwar','Orissa',2320529),('Ballia','Uttar Pradesh',3239774),('Balrampur','Uttar Pradesh',2148665),('Banaskantha','Gujarat',3120506),('Banda','Uttar Pradesh',1799410),('Bandipora','Jammu and Kashmir',392232),('Bangalore','Karnataka',9621551),('Bangalore Rural','Karnataka',990923),('Banka','Bihar',2034763),('Bankura','West Bengal',3596674),('Banswara','Rajasthan',1797485),('Barabanki','Uttar Pradesh',3260699),('Baramula','Jammu and Kashmir',1008039),('Baran','Rajasthan',1222755),('Barddhaman','West Bengal',7717563),('Bareilly','Uttar Pradesh',4448359),('Bargarh','Orissa',1481255),('Barmer','Rajasthan',2603751),('Barnala','Punjab',595527),('Barpeta','Assam',1693622),('Barwani','Madhya Pradesh',1385881),('Bastar','Chhattisgarh',1413199),('Basti','Uttar Pradesh',2464464),('Bathinda','Punjab',1388525),('Baudh','Orissa',441162),('Begusarai','Bihar',2970541),('Belgaum','Karnataka',4779661),('Bellary','Karnataka',2452595),('Betul','Madhya Pradesh',1575362),('Bhadrak','Orissa',1506337),('Bhagalpur','Bihar',3037766),('Bhandara','Maharashtra',1200334),('Bharatpur','Rajasthan',2548462),('Bharuch','Gujarat',1551019),('Bhavnagar','Gujarat',2880365),('Bhilwara','Rajasthan',2408523),('Bhind','Madhya Pradesh',1703005),('Bhiwani','Haryana',1634445),('Bhojpur','Bihar',2728407),('Bhopal','Madhya Pradesh',2371061),('Bid','Maharashtra',2585049),('Bidar','Karnataka',1703300),('Bijapur','Chhattisgarh',255230),('Bijapur','Karnataka',2177331),('Bijnor','Uttar Pradesh',3682713),('Bikaner','Rajasthan',2363937),('Bilaspur','Chhattisgarh',381956),('Bilaspur','Himachal Pradesh',2663629),('Birbhum','West Bengal',3502404),('Bishnupur','Manipur',237399),('Bokaro','Jharkhand',2062330),('Bongaigaon','Assam',738804),('Budaun','Uttar Pradesh',3681896),('Bulandshahar','Uttar Pradesh',3499171),('Buldana','Maharashtra',2586258),('Bundi','Rajasthan',1110906),('Burhanpur','Madhya Pradesh',757847),('Buxar','Bihar',1706352),('Cachar','Assam',1736617),('Central','#N/A',582320),('Chamarajanagar','Karnataka',1020791),('Chamba','Himachal Pradesh',519080),('Chamoli','Uttarakhand',391605),('Champawat','Uttarakhand',259648),('Champhai','Mizoram',125745),('Chandauli','Uttar Pradesh',1952756),('Chandel','Manipur',144182),('Chandigarh','Chandigarh',1055450),('Chandrapur','Maharashtra',2204307),('Changlang','Arunachal Pradesh',148226),('Chatra','Jharkhand',1042886),('Chennai','Tamil Nadu',4646732),('Chhatarpur','#N/A',1762375),('Chhindwara','Madhya Pradesh',2090922),('Chikkaballapura','Karnataka',1255104),('Chikmagalur','Karnataka',1137961),('Chirang','Assam',482162),('Chitradurga','Karnataka',1659456),('Chitrakoot','Uttar Pradesh',991730),('Chittaurgarh','Rajasthan',1544338),('Chittoor','Andhra Pradesh',4174064),('Churachandpur','Manipur',274143),('Churu','Rajasthan',2039547),('Coimbatore','Tamil Nadu',3458045),('Cuddalore','Tamil Nadu',2605914),('Cuttack','Orissa',2624470),('Dadra & Nagar Haveli','Dadra & Nagar Haveli',343709),('Dahod','Dahod',2127086),('Dakshin Bastar Dantewada','Dakshin Bastar Dantewada',533638),('Dakshin Dinajpur','West Bengal',1676276),('Dakshina Kannada','Karnataka',2089649),('Daman','Daman and Diu',191173),('Damoh','Madhya Pradesh',1264219),('Darbhanga','Bihar',3937385),('Darjiling','West Bengal',1846823),('Darrang','Assam',928500),('Datia','Madhya Pradesh',786754),('Dausa','Rajasthan',1634409),('Davanagere','Karnataka',1945497),('Debagarh','Orissa',312520),('Dehradun','Uttarakhand',1696694),('Deoghar','Jharkhand',1492073),('Deoria','Uttar Pradesh',3100946),('Dewas','Madhya Pradesh',1563715),('Dhalai','Tripura',378230),('Dhamtari','Chhattisgarh',799781),('Dhanbad','Jharkhand',2684487),('Dhar','Madhya Pradesh',2185793),('Dharmapuri','Tamil Nadu',1506843),('Dharwad','Karnataka',1847023),('Dhaulpur','Rajasthan',1206516),('Dhemaji','Assam',686133),('Dhenkanal','Orissa',1192811),('Dhubri','Assam',1949258),('Dhule','Maharashtra',2050862),('Dibang Valley','Arunachal Pradesh',8004),('Dibrugarh','Assam',1326335),('Dima Hasao','Assam',214102),('Dimapur','Nagaland',378811),('Dindigul','Tamil Nadu',2159775),('Dindori','Madhya Pradesh',704524),('Diu','Daman and Diu',52074),('Doda','Jammu and Kashmir',409936),('Dumka','Jharkhand',1321442),('Dungarpur','Rajasthan',1388552),('Durg','Chhattisgarh',3343872),('East','#N/A',1709346),('East District','#N/A',283583),('East Garo Hills','Meghalaya',317917),('East Godavari','Andhra Pradesh',5154296),('East Kameng','Arunachal Pradesh',78690),('East Khasi Hills','Meghalaya',825922),('East Siang','Arunachal Pradesh',99214),('Ernakulam','Kerala',3282388),('Erode','Tamil Nadu',2251744),('Etah','Uttar Pradesh',1774480),('Etawah','Uttar Pradesh',1581810),('Faizabad','Uttar Pradesh',2470996),('Faridabad','Haryana',1809733),('Faridkot','Punjab',617508),('Farrukhabad','Uttar Pradesh',1885204),('Fatehabad','Haryana',942011),('Fatehgarh Sahib','Punjab',600163),('Fatehpur','Uttar Pradesh',2632733),('Firozabad','Uttar Pradesh',2498156),('Firozpur','Punjab',2029074),('Gadag','Karnataka',1064570),('Gadchiroli','Maharashtra',1072942),('Gajapati','Orissa',577817),('Ganderbal','Jammu and Kashmir',297446),('Gandhinagar','Gujarat',1391753),('Ganganagar','Rajasthan',1969168),('Ganjam','Orissa',3529031),('Garhwa','Jharkhand',1322784),('Garhwal','#N/A',687271),('Gautam Buddha Nagar','Uttar Pradesh',1648115),('Gaya','Bihar',4391418),('Ghaziabad','Uttar Pradesh',4681645),('Ghazipur','Uttar Pradesh',3620268),('Giridih','Jharkhand',2445474),('Goalpara','Assam',1008183),('Godda','Jharkhand',1313551),('Golaghat','Assam',1066888),('Gonda','Uttar Pradesh',3433919),('Gondiya','Maharashtra',1322507),('Gopalganj','Bihar',2562012),('Gorakhpur','Uttar Pradesh',4440895),('Gulbarga','Karnataka',2566326),('Gumla','Jharkhand',1025213),('Guna','Madhya Pradesh',1241519),('Guntur','Andhra Pradesh',4887813),('Gurdaspur','Punjab',2298323),('Gurgaon','Haryana',1514432),('Gwalior','Madhya Pradesh',2032036),('Hailakandi','Assam',659296),('Hamirpur','Himachal Pradesh',454768),('Hamirpur','Uttar Pradesh',1104285),('Hanumangarh','Rajasthan',1774692),('Haora','West Bengal',4850029),('Harda','Madhya Pradesh',570465),('Hardoi','Uttar Pradesh',4092845),('Hardwar','#N/A',1890422),('Hassan','Karnataka',1776421),('Haveri','Karnataka',1597668),('Hazaribagh','Jharkhand',1734495),('Hingoli','Maharashtra',1177345),('Hisar','Haryana',1743931),('Hoshangabad','Madhya Pradesh',1241350),('Hoshiarpur','Punjab',1586625),('Hugli','West Bengal',5519145),('Hyderabad','Andhra Pradesh',3943323),('Idukki','Kerala',1108974),('Imphal East','Manipur',456113),('Imphal West','Manipur',517992),('Indore','Madhya Pradesh',3276697),('Jabalpur','Madhya Pradesh',2463289),('Jagatsinghapur','Orissa',1136971),('Jaintia Hills','Meghalaya',395124),('Jaipur','Rajasthan',6626178),('Jaisalmer','Rajasthan',669919),('Jajapur','Orissa',1827192),('Jalandhar','Punjab',2193590),('Jalaun','Uttar Pradesh',1689974),('Jalgaon','Maharashtra',4229917),('Jalna','Maharashtra',1959046),('Jalor','Rajasthan',1828730),('Jalpaiguri','West Bengal',3872846),('Jammu','Jammu and Kashmir',1529958),('Jamnagar','Gujarat',2160119),('Jamtara','Jharkhand',791042),('Jamui','Bihar',1760405),('Janjgir - Champa','#N/A',1619707),('Jashpur','Chhattisgarh',851669),('Jaunpur','Uttar Pradesh',4494204),('Jehanabad','Bihar',1125313),('Jhabua','Madhya Pradesh',1025048),('Jhajjar','Haryana',958405),('Jhalawar','Rajasthan',1411129),('Jhansi','Uttar Pradesh',1998603),('Jharsuguda','Orissa',579505),('Jhunjhunun','Rajasthan',2137045),('Jind','Haryana',1334152),('Jodhpur','Rajasthan',3687165),('Jorhat','Assam',1092256),('Junagadh','Gujarat',2743082),('Jyotiba Phule Nagar','Uttar Pradesh',1840221),('Kabirdham','Chhattisgarh',822526),('Kachchh','Gujarat',2092371),('Kaimur','Bihar',1626384),('Kaithal','Haryana',1074304),('Kalahandi','Orissa',1576869),('Kamrup','Assam',1517542),('Kamrup Metropolitan','Assam',1253938),('Kancheepuram','Tamil Nadu',3998252),('Kandhamal','Orissa',733110),('Kangra','Himachal Pradesh',1510075),('Kanker (Uttar Bastar Kanker)','#N/A',748941),('Kannauj','Uttar Pradesh',1656616),('Kanniyakumari','Tamil Nadu',1870374),('Kannur','Kerala',2523003),('Kanpur Dehat','#N/A',1796184),('Kanpur Nagar','Uttar Pradesh',4581268),('Kanshiram Nagar','Uttar Pradesh',1436719),('Kapurthala','Punjab',815168),('Karaikal','Puducherry',200222),('Karauli','Rajasthan',1458248),('Karbi Anglong','Assam',956313),('Kargil','Jammu and Kashmir',140802),('Karimganj','Assam',1228686),('Karimnagar','Andhra Pradesh',3776269),('Karnal','Haryana',1505324),('Karur','Tamil Nadu',1064493),('Kasaragod','Kerala',1307375),('Kathua','Jammu and Kashmir',616435),('Katihar','Bihar',3071029),('Katni','Madhya Pradesh',1292042),('Kaushambi','Uttar Pradesh',1599596),('Kendrapara','Orissa',1440361),('Kendujhar','Orissa',1801733),('Khagaria','Bihar',1666886),('Khammam','Andhra Pradesh',2797370),('Khandwa','#N/A',1310061),('Khargone','#N/A',1873046),('Kheda','Gujarat',2299885),('Kheri','Uttar Pradesh',4021243),('Khordha','Orissa',2251673),('Khunti','Jharkhand',531885),('Kinnaur','Himachal Pradesh',84121),('Kiphire','Nagaland',74004),('Kishanganj','Bihar',1690400),('Kishtwar','Jammu and Kashmir',230696),('Koch Bihar','West Bengal',2819086),('Kodagu','Karnataka',554519),('Kodarma','Jharkhand',716259),('Kohima','Nagaland',267988),('Kokrajhar','Assam',887142),('Kolar','Karnataka',1536401),('Kolasib','Mizoram',83955),('Kolhapur','Maharashtra',3876001),('Kolkata','West Bengal',4496694),('Kollam','Kerala',2635375),('Koppal','Karnataka',1389920),('Koraput','Orissa',1379647),('Korba','Chhattisgarh',1206640),('Koriya','#N/A',658917),('Kota','Rajasthan',1951014),('Kottayam','Kerala',1974551),('Kozhikode','Kerala',3086293),('Krishna','Andhra Pradesh',4517398),('Krishnagiri','Tamil Nadu',1879809),('Kulgam','Jammu and Kashmir',424483),('Kullu','Himachal Pradesh',437903),('Kupwara','Jammu and Kashmir',870354),('Kurnool','Andhra Pradesh',4053463),('Kurukshetra','Haryana',964655),('Kurung Kumey','Arunachal Pradesh',92076),('Kushinagar','Uttar Pradesh',3564544),('Lahul & Spiti','#N/A',31564),('Lakhimpur','Assam',1042137),('Lakhisarai','Bihar',1000912),('Lakshadweep','Lakshadweep',64473),('Lalitpur','Uttar Pradesh',1221592),('Latehar','Jharkhand',726978),('Latur','Maharashtra',2454196),('Lawngtlai','Mizoram',117894),('Leh','Jammu and Kashmir',133487),('Lohardaga','Jharkhand',461790),('Lohit','Arunachal Pradesh',145726),('Longleng','Nagaland',50484),('Lower Dibang Valley','Arunachal Pradesh',54080),('Lower Subansiri','Arunachal Pradesh',83030),('Lucknow','Uttar Pradesh',4589838),('Ludhiana','Punjab',3498739),('Lunglei','Mizoram',161428),('Madhepura','Bihar',2001762),('Madhubani','Bihar',4487379),('Madurai','Tamil Nadu',3038252),('Mahamaya Nagar','Uttar Pradesh',1564708),('Maharajganj','Uttar Pradesh',2684703),('Mahasamund','Chhattisgarh',1032754),('Mahbubnagar','Andhra Pradesh',4053028),('Mahe','Puducherry',41816),('Mahendragarh','Haryana',922088),('Mahesana','Gujarat',2035064),('Mahoba','Uttar Pradesh',875958),('Mainpuri','Uttar Pradesh',1868529),('Malappuram','Kerala',4112920),('Maldah','West Bengal',3988845),('Malkangiri','Orissa',613192),('Mamit','Mizoram',86364),('Mandi','Himachal Pradesh',999777),('Mandla','Madhya Pradesh',1054905),('Mandsaur','Madhya Pradesh',1340411),('Mandya','Karnataka',1805769),('Mansa','Punjab',769751),('Mathura','Uttar Pradesh',2547184),('Mau','Uttar Pradesh',2205968),('Mayurbhanj','Orissa',2519738),('Medak','Andhra Pradesh',3033288),('Meerut','Uttar Pradesh',3443689),('Mewat','Haryana',1089263),('Mirzapur','Uttar Pradesh',2496970),('Moga','Punjab',995746),('Mokokchung','Nagaland',194622),('Mon','Nagaland',250260),('Moradabad','Uttar Pradesh',4772006),('Morena','Madhya Pradesh',1965970),('Morigaon','Assam',957423),('Muktsar','Punjab',901896),('Mumbai','#N/A',3085411),('Mumbai Suburban','Maharashtra',9356962),('Munger','Bihar',1367765),('Murshidabad','West Bengal',7103807),('Muzaffarnagar','Uttar Pradesh',4143512),('Muzaffarpur','Bihar',4801062),('Mysore','Karnataka',3001127),('Nabarangapur','Orissa',1220946),('Nadia','West Bengal',5167600),('Nagaon','Assam',2823768),('Nagapattinam','Tamil Nadu',1616450),('Nagaur','Rajasthan',3307743),('Nagpur','Maharashtra',4653570),('Nainital','Uttarakhand',954605),('Nalanda','Bihar',2877653),('Nalbari','Assam',771639),('Nalgonda','Andhra Pradesh',3488809),('Namakkal','Tamil Nadu',1726601),('Nanded','Maharashtra',3361292),('Nandurbar','Maharashtra',1648295),('Narayanpur','Chhattisgarh',139820),('Narmada','Gujarat',590297),('Narsimhapur','Madhya Pradesh',1091854),('Nashik','Maharashtra',6107187),('Navsari','Gujarat',1329672),('Nawada','Bihar',2219146),('Nayagarh','Orissa',962789),('Neemuch','Madhya Pradesh',826067),('New Delhi','Delhi',142004),('Nicobars','Andaman And Nicobar Islands',36842),('Nizamabad','Andhra Pradesh',2551335),('North','#N/A',887978),('North & Middle Andaman','#N/A',105597),('North District','#N/A',43709),('North East','#N/A',2241624),('North Goa','Goa',818008),('North Tripura','Tripura',693947),('North Twenty Four Parganas','West Bengal',10009781),('North West','#N/A',3656539),('Nuapada','Orissa',610382),('Osmanabad','Maharashtra',1657576),('Pakur','Jharkhand',900422),('Palakkad','Kerala',2809934),('Palamu','Jharkhand',1939869),('Pali','Rajasthan',2037573),('Palwal','Haryana',1042708),('Panchkula','Haryana',561293),('Panchmahal','Gujarat',2390776),('Panipat','Haryana',1205437),('Panna','Madhya Pradesh',1016520),('Papum Pare','#N/A',176573),('Parbhani','Maharashtra',1836086),('Paschim Medinipur','West Bengal',5913457),('Pashchim Champaran','Bihar',3935042),('Pashchimi Singhbhum','Jharkhand',1502338),('Patan','Gujarat',1343734),('Pathanamthitta','Kerala',1197412),('Patiala','Punjab',1895686),('Patna','Bihar',5838465),('Perambalur','Tamil Nadu',565223),('Peren','Nagaland',95219),('Phek','Nagaland',163418),('Pilibhit','Uttar Pradesh',2031007),('Pithoragarh','Uttarakhand',483439),('Porbandar','Gujarat',585449),('Prakasam','Andhra Pradesh',3397448),('Pratapgarh','Rajasthan',867848),('Pratapgarh','Uttar Pradesh',3209141),('Puducherry','Puducherry',950289),('Pudukkottai','Tamil Nadu',1618345),('Pulwama','Jammu and Kashmir',560440),('Punch','Jammu and Kashmir',476835),('Pune','Maharashtra',9429408),('Purba Champaran','#N/A',5099371),('Purba Medinipur','West Bengal',5095875),('Purbi Singhbhum','Jharkhand',2293919),('Puri','Orissa',1698730),('Purnia','Bihar',3264619),('Puruliya','West Bengal',2930115),('Rae Bareli','Uttar Pradesh',3405559),('Raichur','Karnataka',1928812),('Raigarh','Chhattisgarh',1493984),('Raigarh','Maharashtra',2634200),('Raipur','Chhattisgarh',4063872),('Raisen','Madhya Pradesh',1331597),('Rajgarh','Madhya Pradesh',1545814),('Rajkot','Gujarat',3804558),('Rajnandgaon','Chhattisgarh',1537133),('Rajouri','Jammu and Kashmir',642415),('Rajsamand','Rajasthan',1156597),('Ramanagara','Karnataka',1082636),('Ramanathapuram','Tamil Nadu',1353445),('Ramban','Jammu and Kashmir',283713),('Ramgarh','Jharkhand',949443),('Rampur','Uttar Pradesh',2335819),('Ranchi','Jharkhand',2914253),('Rangareddy','Andhra Pradesh',5296741),('Ratlam','Madhya Pradesh',1455069),('Ratnagiri','Maharashtra',1615069),('Rayagada','Orissa',967911),('Reasi','Jammu and Kashmir',314667),('Rewa','Madhya Pradesh',2365106),('Rewari','Haryana',900332),('Ribhoi','#N/A',258840),('Rohtak','Haryana',1061204),('Rohtas','Bihar',2959918),('Rudraprayag','Uttarakhand',242285),('Rupnagar','Punjab',684627),('Sabarkantha','Gujarat',2428589),('Sagar','Madhya Pradesh',2378458),('Saharanpur','Uttar Pradesh',3466382),('Saharsa','Bihar',1900661),('Sahibganj','Jharkhand',1150567),('Sahibzada Ajit Singh Nagar','#N/A',994628),('Saiha','Mizoram',56574),('Salem','Tamil Nadu',3482056),('Samastipur','Bihar',4261566),('Samba','Jammu and Kashmir',318898),('Sambalpur','Orissa',1041099),('Sangli','Maharashtra',2822143),('Sangrur','Punjab',1655169),('Sant Kabir Nagar','Uttar Pradesh',1715183),('Sant Ravidas Nagar','Uttar Pradesh',1578213),('Saraikela-Kharsawan','#N/A',1065056),('Saran','Bihar',3951862),('Satara','Maharashtra',3003741),('Satna','Madhya Pradesh',2228935),('Sawai Madhopur','Rajasthan',1335551),('Sehore','Madhya Pradesh',1311332),('Senapati','Manipur',479148),('Seoni','Madhya Pradesh',1379131),('Serchhip','Mizoram',64937),('Shahdol','Madhya Pradesh',1066063),('Shahid Bhagat Singh Nagar','Punjab',612310),('Shahjahanpur','Uttar Pradesh',3006538),('Shajapur','Madhya Pradesh',1512681),('Sheikhpura','Bihar',636342),('Sheohar','Bihar',656246),('Sheopur','Madhya Pradesh',687861),('Shimla','Himachal Pradesh',814010),('Shimoga','Karnataka',1752753),('Shivpuri','Madhya Pradesh',1726050),('Shrawasti','Uttar Pradesh',1117361),('Shupiyan','Jammu and Kashmir',266215),('Siddharthnagar','#N/A',2559297),('Sidhi','Madhya Pradesh',1127033),('Sikar','Rajasthan',2677333),('Simdega','Jharkhand',599578),('Sindhudurg','Maharashtra',849651),('Singrauli','Madhya Pradesh',1178273),('Sirmaur','Himachal Pradesh',529855),('Sirohi','Rajasthan',1036346),('Sirsa','Haryana',1295189),('Sitamarhi','Bihar',3423574),('Sitapur','Uttar Pradesh',4483992),('Sivaganga','Tamil Nadu',1339101),('Sivasagar','Assam',1151050),('Siwan','Bihar',3330464),('Solan','Himachal Pradesh',580320),('Solapur','Maharashtra',4317756),('Sonbhadra','Uttar Pradesh',1862559),('Sonipat','Haryana',1450001),('Sonitpur','Assam',1924110),('South','#N/A',2731929),('South Andaman','Andaman And Nicobar Islands',238142),('South District','#N/A',146850),('South Garo Hills','Meghalaya',142334),('South Goa','Goa',640537),('South Tripura','Tripura',876001),('South Twenty Four Parganas','West Bengal',8161961),('South West','#N/A',2292958),('Sri Potti Sriramulu Nellore','Andhra Pradesh',2963557),('Srikakulam','Andhra Pradesh',2703114),('Srinagar','Jammu and Kashmir',1236829),('Subarnapur','Orissa',610183),('Sultanpur','Uttar Pradesh',3797117),('Sundargarh','Orissa',2093437),('Supaul','Bihar',2229076),('Surat','Gujarat',6081322),('Surendranagar','Gujarat',1756268),('Surguja','Chhattisgarh',2359886),('Tamenglong','Manipur',140651),('Tapi','Gujarat',807022),('Tarn Taran','Punjab',1119627),('Tawang','Arunachal Pradesh',49977),('Tehri Garhwal','Uttarakhand',618931),('Thane','Maharashtra',11060148),('Thanjavur','Tamil Nadu',2405890),('The Dangs','Gujarat',228291),('The Nilgiris','Tamil Nadu',735394),('Theni','Tamil Nadu',1245899),('Thiruvallur','Tamil Nadu',3728104),('Thiruvananthapuram','Kerala',3301427),('Thiruvarur','Tamil Nadu',1264277),('Thoothukkudi','Tamil Nadu',1750176),('Thoubal','Manipur',422168),('Thrissur','Kerala',3121200),('Tikamgarh','Madhya Pradesh',1445166),('Tinsukia','Assam',1327929),('Tirap','Arunachal Pradesh',111975),('Tiruchirappalli','Tamil Nadu',2722290),('Tirunelveli','Tamil Nadu',3077233),('Tiruppur','Tamil Nadu',2479052),('Tiruvannamalai','Tamil Nadu',2464875),('Tonk','Rajasthan',1421326),('Tuensang','Nagaland',196596),('Tumkur','Karnataka',2678980),('Udaipur','Rajasthan',3068420),('Udalguri','Assam',831668),('Udham Singh Nagar','Uttarakhand',1648902),('Udhampur','Jammu and Kashmir',554985),('Udupi','Karnataka',1177361),('Ujjain','Madhya Pradesh',1986864),('Ukhrul','Manipur',183998),('Umaria','Madhya Pradesh',644758),('Una','Himachal Pradesh',521173),('Unnao','Uttar Pradesh',3108367),('Upper Siang','Arunachal Pradesh',35320),('Upper Subansiri','Arunachal Pradesh',83448),('Uttar Dinajpur','West Bengal',3007134),('Uttara Kannada','Karnataka',1437169),('Uttarkashi','Uttarakhand',330086),('Vadodara','Gujarat',4165626),('Vaishali','Bihar',3495021),('Valsad','Gujarat',1705678),('Varanasi','Uttar Pradesh',3676841),('Vellore','Tamil Nadu',3936331),('Vidisha','Madhya Pradesh',1458875),('Viluppuram','Tamil Nadu',3458873),('Virudhunagar','Tamil Nadu',1942288),('Visakhapatnam','Andhra Pradesh',4290589),('Vizianagaram','Andhra Pradesh',2344474),('Warangal','Andhra Pradesh',3512576),('Wardha','Maharashtra',1300774),('Washim','Maharashtra',1197160),('Wayanad','Kerala',817420),('West','#N/A',2543243),('West District','#N/A',136435),('West Garo Hills','Meghalaya',643291),('West Godavari','Andhra Pradesh',3936966),('West Kameng','Arunachal Pradesh',83947),('West Khasi Hills','Meghalaya',383461),('West Siang','Arunachal Pradesh',112274),('West Tripura','Tripura',1725739),('Wokha','Nagaland',166343),('Yadgir','Karnataka',1174271),('Yamunanagar','Haryana',1214205),('Yanam','Puducherry',55626),('Yavatmal','Maharashtra',2772348),('YSR','Andhra Pradesh',2882469),('Zunheboto','Nagaland',140757);
/*!40000 ALTER TABLE `datashet2` ENABLE KEYS */;
UNLOCK TABLES;

--
-- Table structure for table `topstates`
--

DROP TABLE IF EXISTS `topstates`;
/*!40101 SET @saved_cs_client     = @@character_set_client */;
/*!50503 SET character_set_client = utf8mb4 */;
CREATE TABLE `topstates` (
  `state` varchar(255) DEFAULT NULL,
  `TopState` float DEFAULT NULL
) ENGINE=InnoDB DEFAULT CHARSET=utf8mb4 COLLATE=utf8mb4_0900_ai_ci;
/*!40101 SET character_set_client = @saved_cs_client */;

--
-- Dumping data for table `topstates`
--

LOCK TABLES `topstates` WRITE;
/*!40000 ALTER TABLE `topstates` DISABLE KEYS */;
INSERT INTO `topstates` VALUES ('Kerala',94),('Lakshadweep',92),('Goa',89),('Mizoram',89),('Delhi',87),('Tripura',87),('Puducherry',87),('Chandigarh',86),('Daman and Diu',86),('Andaman And Nicobar Islands',84),('Himachal Pradesh',82),('Maharashtra',81),('Sikkim',80),('Uttarakhand',80),('Tamil Nadu',79),('Nagaland',78),('Dadra and Nagar Haveli',76),('Gujarat',76),('Manipur',76),('Haryana',75),('Punjab',75),('West Bengal',75),('Karnataka',74),('Meghalaya',73),('Assam',72),('Orissa',71),('Madhya Pradesh',68),('Uttar Pradesh',68),('Andhra Pradesh',66),('Chhattisgarh',66),('Jharkhand',65),('Jammu and Kashmir',65),('Rajasthan',65),('Arunachal Pradesh',64),('Bihar',62);
/*!40000 ALTER TABLE `topstates` ENABLE KEYS */;
UNLOCK TABLES;
/*!40103 SET TIME_ZONE=@OLD_TIME_ZONE */;

/*!40101 SET SQL_MODE=@OLD_SQL_MODE */;
/*!40014 SET FOREIGN_KEY_CHECKS=@OLD_FOREIGN_KEY_CHECKS */;
/*!40014 SET UNIQUE_CHECKS=@OLD_UNIQUE_CHECKS */;
/*!40101 SET CHARACTER_SET_CLIENT=@OLD_CHARACTER_SET_CLIENT */;
/*!40101 SET CHARACTER_SET_RESULTS=@OLD_CHARACTER_SET_RESULTS */;
/*!40101 SET COLLATION_CONNECTION=@OLD_COLLATION_CONNECTION */;
/*!40111 SET SQL_NOTES=@OLD_SQL_NOTES */;

-- Dump completed on 2023-02-13 16:37:21
